dt,S1,S2,lret1,lret2,ratio,rma1,rma2,rstd2,zscore,sig,absZ,zsign,pos,count_S1,count_S1,count_S2,pnl_S1,pnl_S2,pnl
2022-07-21,0.499341,26.2911,-0.7015869008377085,8.343484177407056,0.018992777023403355,,,,,0,,0,,0.0,0.0,0.0,,,0.0
2022-07-22,0.48275199999999996,24.8968,-0.6951412528795778,7.615492441083705,0.019390122425371935,,,,,0,,0,,0.0,0.0,0.0,,,0.0
2022-07-23,0.516884,25.5634,-0.7097595991201351,7.951935682575531,0.0202196890867412,,,,,0,,0,,0.0,0.0,0.0,,,0.0
2022-07-24,0.5120300000000001,25.5462,-0.7758773252333013,7.881803757266929,0.020043294110278637,,,,,0,,0,,0.0,0.0,0.0,,,0.0
2022-07-25,0.47511299999999995,23.2592,-0.7097891098784251,7.177683069383266,0.020426884845566484,0.01981455349827232,,,,0,,0,,0.0,0.0,0.0,,,0.0
2022-07-26,0.467775,25.1695,-0.6285586675661848,7.998695134414711,0.01858499374242635,0.01973299684207692,,,,0,,0,,0.0,0.0,0.0,,,0.0
2022-07-27,0.510909,32.9248,-0.6724540765469794,10.207237020232979,0.015517451890368354,0.018958462735076204,,,,0,,0,,0.0,0.0,0.0,,,0.0
2022-07-28,0.512769,40.8702,-0.7635447444559312,11.696495296576286,0.012546280664151388,0.017423781050558244,,,,0,,0,,0.0,0.0,0.0,,,0.0
2022-07-29,0.521902,40.5114,-0.7813725011485283,10.918334140484495,0.0128828428541102,0.015991690799324554,,,,0,,0,,0.0,0.0,0.0,,,0.0
2022-07-30,0.526343,39.4442,-0.8094154584282248,10.65603434185976,0.01334398973740119,0.014575111777691496,,,,0,,0,,0.0,0.0,0.0,,,0.0
2022-07-31,0.516164,36.3514,-0.8042415716959951,9.89184153206523,0.014199288060432335,0.013697970641292693,,,,0,,0,,0.0,0.0,0.0,,,0.0
2022-08-01,0.512359,34.9505,-0.7747394355657059,9.726756585517919,0.014659561379665528,0.013526392539152129,,,,0,,0,,0.0,0.0,0.0,,,0.0
2022-08-02,0.49631899999999995,36.5153,-0.7421817505440645,10.274617533468415,0.013592083318499367,0.013735553070021722,,,,0,,0,,0.0,0.0,0.0,,,0.0
2022-08-03,0.5004339999999999,35.9557,-0.714358297618653,9.993992461834193,0.01391807140453391,0.013942598780106466,,,,0,,0,,0.0,0.0,0.0,,,0.0
2022-08-04,0.499445,34.7976,-0.7214498751419465,9.713792872393372,0.014352857668344942,0.014144372366295215,,,,0,,0,,0.0,0.0,0.0,,,0.0
2022-08-05,0.517299,38.3156,-0.7451108250940853,10.794499885153373,0.013501002202758143,0.014004715194760379,,,,0,,0,,0.0,0.0,0.0,,,0.0
2022-08-06,0.511377,37.823,-0.7758313447808081,10.374240875047269,0.013520265446950267,0.013776856008217325,,,,0,,0,,0.0,0.0,0.0,,,0.0
2022-08-07,0.5273829999999999,37.7207,-0.7863780242969971,10.383032703826032,0.013981262277741397,0.013854691800065733,,,,0,,0,,0.0,0.0,0.0,,,0.0
2022-08-08,0.537053,38.0556,-0.8393705796531172,10.483032750647151,0.014112325124291827,0.013893542544017316,,,,0,,0,,0.0,0.0,0.0,,,0.0
2022-08-09,0.512628,36.392,-0.8246135231319287,10.000417009451532,0.014086282699494393,0.013840227550247206,0.01559356629812656,0.002791824379811983,-0.6280261611575416,0,0.6280261611575416,-1,,0.0,0.0,0.0,,,0.0
2022-08-10,0.5373669999999999,38.8111,-0.8041950093364791,10.797810763797205,0.013845703935214407,0.013909167896738458,0.015336212643717113,0.002697632053278431,-0.5289990327792733,0,0.5289990327792733,-1,,0.0,0.0,0.0,,,0.0
2022-08-11,0.530351,42.0872,-0.853925630911759,11.503301081001727,0.012601242182896462,0.013725363243927697,0.01499676863159334,0.002585471445954348,-0.4917499242372579,0,0.4917499242372579,-1,,0.0,0.0,0.0,,,0.0
2022-08-12,0.540179,43.3382,-0.8517268663117635,11.588548302020609,0.012464269397436903,0.013421964667866798,0.014608997647128124,0.002329851101198921,-0.5094887731883334,0,0.5094887731883334,-1,,0.0,0.0,0.0,,,0.0
2022-08-13,0.559325,43.5345,-0.9082093362463238,11.550570955337312,0.012847856297878693,0.013169070902584174,0.014249225756508128,0.0019750715038144677,-0.546894050082665,0,0.546894050082665,-1,,0.0,0.0,0.0,,,0.0
2022-08-14,0.5696209999999999,41.5346,-0.9803733270039592,11.00675994105712,0.013714373076904556,0.013094688978066205,0.01391360016807503,0.0013374552882728552,-0.6122905170656877,0,0.6122905170656877,-1,,0.0,0.0,0.0,,,0.0
2022-08-15,0.549971,41.9352,-0.9772327386493431,11.25315933144842,0.013114781853907933,0.012948504561804908,0.013640089573649108,0.0007714299156946714,-0.8964975272205118,0,0.8964975272205118,-1,,0.0,0.0,0.0,,,0.0
2022-08-16,0.557001,39.8999,-0.9316115875443309,10.679485808366044,0.013959959799397991,0.013220248085105215,0.013562214969100591,0.0006392230808261454,-0.5349726789486555,0,0.5349726789486555,-1,,0.0,0.0,0.0,,,0.0
2022-08-17,0.5384500000000001,40.3001,-0.920131266775165,10.932179424478964,0.01336100902975427,0.013399596011568687,0.013602951387380737,0.0005955399583008339,-0.34146386481312563,0,0.34146386481312563,-1,,0.0,0.0,0.0,,,0.0
2022-08-18,0.511962,39.5677,-0.8269981472406349,10.704521409907107,0.012938887021484696,0.01341780215628989,0.013605753595749458,0.0005920951706776117,-0.3174345084498338,0,0.3174345084498338,-1,,0.0,0.0,0.0,,,0.0
2022-08-19,0.449967,32.9564,-0.672089205772537,8.960381283402697,0.013653402677476908,0.01340560807640436,0.013621224242753246,0.0005889294672598763,-0.3661154320433102,0,0.3661154320433102,-1,,0.0,0.0,0.0,,,0.0
2022-08-20,0.45081899999999997,32.7524,-0.5645250535633097,9.370718729236447,0.013764456955826137,0.013535543096788,0.013599482687522937,0.0005743107704041006,-0.1113327383533966,0,0.1113327383533966,-1,,0.0,0.0,0.0,,,0.0
2022-08-21,0.462518,33.6562,-0.5805499970112578,9.646440006212357,0.013742430815124702,0.013492037299933344,0.013553626159295895,0.0005191813023288754,-0.11862688252886602,0,0.11862688252886602,-1,,0.0,0.0,0.0,,,0.0
2022-08-22,0.46153000000000005,34.1006,-0.5985580004362017,9.698147515536029,0.013534365964235235,0.013526708686829536,0.013550740291582689,0.0005191166944380185,-0.04629326124671982,0,0.04629326124671982,-1,,0.0,0.0,0.0,,,0.0
2022-08-23,0.465696,34.3184,-0.6022905433611436,9.72381331785244,0.013569863396894961,0.01365290396191159,0.01353332989120074,0.0005119381033837286,0.23357134372399194,0,0.23357134372399194,1,,0.0,0.0,0.0,,,0.0
2022-08-24,0.4576,35.299,-0.5987787178539921,9.983647697804772,0.012963540043627299,0.013514931435141667,0.01346386400996486,0.000488610076591903,0.10451570203587845,0,0.10451570203587845,1,,0.0,0.0,0.0,,,0.0
2022-08-25,0.464644,37.0933,-0.5943564466600845,10.408196685825056,0.01252635920772754,0.013267311885521948,0.013415131860213328,0.0005314377664442463,-0.2781510536603688,0,0.2781510536603688,-1,,0.0,0.0,0.0,,,0.0
2022-08-26,0.43162000000000006,33.9,-0.5631169551747228,9.3816513201487,0.012732153392330386,0.013065256400963085,0.013375726257482335,0.00055205102636305,-0.5623934051253324,0,0.5623934051253324,-1,,0.0,0.0,0.0,,,0.0
2022-08-27,0.449851,33.0224,-0.5354032404067341,9.37227089774174,0.013622601627985852,0.013082903533713209,0.013357793224994557,0.0005369645720993713,-0.5119326405587837,0,0.5119326405587837,-1,,0.0,0.0,0.0,,,0.0
2022-08-28,0.429233,30.9297,-0.5373211298713183,8.844167552683405,0.01387769684154712,0.01314447022264364,0.013346061810857323,0.0005219657653626369,-0.38621611146015944,0,0.38621611146015944,-1,,0.0,0.0,0.0,,,0.0
2022-08-29,0.45050199999999996,33.5266,-0.5326622904797921,9.769628760400376,0.013437151396204803,0.01323919249315914,0.013313605245692842,0.0004928872359635547,-0.1509731782528929,0,0.1509731782528929,-1,,0.0,0.0,0.0,,,0.0
2022-08-30,0.453351,32.3072,-0.5685416539489745,9.198200568650543,0.014032506685816164,0.013540421988776866,0.013322945383222932,0.000505119278356439,0.4305450511838741,0,0.4305450511838741,1,,0.0,0.0,0.0,,,0.0
2022-08-31,0.44601799999999997,32.4353,-0.5638028271881312,9.333120090999302,0.013751005848566223,0.013744192480024032,0.013380433566506419,0.0004836291886550115,0.7521442502865431,0,0.7521442502865431,1,,0.0,0.0,0.0,,,0.0
2022-09-01,0.457429,32.9017,-0.5665485307641291,9.456556784740215,0.013902898634417066,0.013800251881310274,0.013452365028355426,0.0004456914739267111,0.7805553242691239,0,0.7805553242691239,1,,0.0,0.0,0.0,,,0.0
2022-09-02,0.454323,32.4539,-0.5808764658792157,9.289730642010534,0.013999026311167534,0.013824517775234357,0.013509923529019868,0.00043777698249323327,0.71861760392885,0,0.71861760392885,1,,0.0,0.0,0.0,,,0.0
2022-09-03,0.48037,32.2298,-0.608874959874183,9.261914193820768,0.014904529348615258,0.014117993365716449,0.013569431342605404,0.000536736101895482,1.022033027355156,-1,1.022033027355156,1,-1.0,-208.172866748548,-208.172866748548,-3.102718602039107,,,0.0
2022-09-04,0.50354,32.4369,-0.6867715969879786,9.340026916929741,0.015523678279983598,0.014416227684549938,0.01368987616390919,0.0006803970610715927,1.0675406497152984,-1,1.0675406497152984,1,,-208.172866748548,-208.172866748548,-3.102718602039107,,,0.0
2022-09-05,0.498309,39.6624,-0.7263004209690396,11.399545320302263,0.012563763161079511,0.014178779147052591,0.013620066331993263,0.0007216056703419333,0.7742633380286245,0,0.7742633380286245,1,,-208.172866748548,-208.172866748548,-3.102718602039107,,,0.0
2022-09-06,0.462445,34.4139,-0.6639222122750349,9.350577655888573,0.013437738820650958,0.014085747184299372,0.013623902821538098,0.0007203587698403215,0.6411310337259425,0,0.6411310337259425,1,,-208.172866748548,-208.172866748548,-3.102718602039107,,,0.0
2022-09-07,0.478724,37.2387,-0.6207298211222723,10.523983367102131,0.012855550811387078,0.01385705208434328,0.013619736011033218,0.0007247572845049215,0.32744213598649374,0,0.32744213598649374,1,,0.0,0.0,0.0,0.34265253866811757,-15.541207205753695,-15.198554667085578
2022-09-08,0.479151,37.1016,-0.6504626722760197,10.256573166215443,0.012914564331457405,0.013459059080911712,0.013582794093732243,0.0007415853876230625,-0.16685201041666653,0,0.16685201041666653,-1,,0.0,0.0,0.0,0.25376272456648535,-15.115824485414121,-14.862061760847636
2022-09-09,0.5022719999999999,39.1424,-0.6826764174427943,10.831787984202442,0.012831916285153693,0.01292070668194573,0.01353616706019862,0.0007586817978855298,-0.8112233349583428,0,0.8112233349583428,-1,,0.0,0.0,0.0,,,0.0
2022-09-10,0.512045,39.2708,-0.7435884132530642,10.708642224725471,0.013038822738523278,0.013015718597434481,0.013500986656368546,0.0007649016710059825,-0.6344188767372549,0,0.6344188767372549,-1,,0.0,0.0,0.0,,,0.0
2022-09-11,0.509902,38.511,-0.7617950398544329,10.492084683217898,0.013240424813689594,0.01297625579604221,0.013486289598841263,0.00076704748310836,-0.6649311992162563,0,0.6649311992162563,-1,,0.0,0.0,0.0,,,0.0
2022-09-12,0.501226,38.4554,-0.7441702563845795,10.5330021215659,0.013033956219412618,0.013011936877647318,0.013459494239967151,0.0007733092275475947,-0.5787560090795472,0,0.5787560090795472,-1,,0.0,0.0,0.0,,,0.0
2022-09-13,0.463912,35.2972,-0.6716566109764154,9.671792966610365,0.01314302550910554,0.013057629113176945,0.013468468513241062,0.0007682758279326044,-0.5347550777038855,0,0.5347550777038855,-1,,0.0,0.0,0.0,,,0.0
2022-09-14,0.48090099999999997,39.2294,-0.6261239351138925,11.007733297145268,0.012258688636583786,0.012942983583462964,0.013455084984683873,0.0007876387843495784,-0.6501729109794872,0,0.6501729109794872,-1,,0.0,0.0,0.0,,,0.0
2022-09-15,0.46621199999999996,35.6741,-0.6368199913079481,9.721982531491161,0.013068640834667165,0.01294894720269174,0.013471909356800713,0.000774874184746307,-0.6748994409720714,0,0.6748994409720714,-1,,0.0,0.0,0.0,,,0.0
2022-09-16,0.474676,34.0593,-0.6220243561112867,9.528609669123506,0.013936751489314225,0.013088212537816668,0.013487616849867129,0.0007812475038220322,-0.5112391528887944,0,0.5112391528887944,-1,,0.0,0.0,0.0,,,0.0
2022-09-17,0.485965,34.4446,-0.6521944994219638,9.762923247595511,0.014108597574075472,0.013303140808749236,0.01349916188649355,0.0007889831725525322,-0.24844772938584098,0,0.24844772938584098,-1,,0.0,0.0,0.0,-1.164727189458118,-6.871901159796226,-8.036628349254345
2022-09-18,0.45038000000000006,29.5391,-0.62412464663464,8.345905699173532,0.015246910027725965,0.013723917712473322,0.013589649818069607,0.0008800242650335024,0.15257294570008606,0,0.15257294570008606,1,,0.0,0.0,0.0,6.243104273788946,8.348484942506612,14.591589216295558
2022-09-19,0.45392499999999997,30.3824,-0.5690682079280973,8.97370325314046,0.014940393122333981,0.01426025860962336,0.013635044139895497,0.0009262710701781766,0.6749800245921505,0,0.6749800245921505,1,,0.0,0.0,0.0,,,0.0
2022-09-20,0.443718,29.1238,-0.5617940164979227,8.53103823758582,0.015235580521772572,0.014693646547044442,0.013709272873555814,0.0009931251923877662,0.9911878996059933,0,0.9911878996059933,1,,0.0,0.0,0.0,,,0.0
2022-09-21,0.438671,27.721,-0.5398588805517177,8.222020452863406,0.015824501280617582,0.015071196505305116,0.013805353005865842,0.0011000413329465887,1.150723578766413,-1,1.150723578766413,1,-1.0,-227.96127393878328,-227.96127393878328,-3.6073734713754915,,,0.0
2022-09-22,0.458455,28.6052,-0.5563736612678403,8.610343736675649,0.016026981108329955,0.015454873212156012,0.01390675074572396,0.0012070891432029972,1.282525383605163,-1,1.282525383605163,1,,0.0,0.0,0.0,,,0.0
2022-09-23,0.46184699999999995,28.9192,-0.5921926702004606,8.62335967337999,0.01597025505546488,0.015599542217703793,0.013960037031066444,0.0012750628286883501,1.2858230588714588,-1,1.2858230588714588,1,,0.0,0.0,0.0,,,0.0
2022-09-24,0.451042,28.6779,-0.5838568050898445,8.523659123795134,0.01572786012922843,0.015757035619082684,0.013970246123528682,0.0012889828540906484,1.3862011351691295,-1,1.3862011351691295,1,,0.0,0.0,0.0,,,0.0
2022-09-25,0.44637499999999997,28.3789,-0.5606354000658201,8.455848591186403,0.01572911564577908,0.015855742643883987,0.014128513747763662,0.0013014670673326125,1.3271399173091034,-1,1.3271399173091034,1,,0.0,0.0,0.0,,,0.0
2022-09-26,0.447215,28.4723,-0.5544474190020573,8.510255046391022,0.015707020507651295,0.01583224648929073,0.014241977832113678,0.0013365223065461096,1.1898556794661244,-1,1.1898556794661244,1,,0.0,0.0,0.0,,,0.0
2022-09-27,0.44109499999999996,28.1391,-0.5481376051194048,8.402410872562353,0.015675519117526855,0.015761954091130105,0.014382976247420668,0.0013312992330962957,1.0358135942903326,-1,1.0358135942903326,1,,0.0,0.0,0.0,,,0.0
2022-09-28,0.43604899999999996,27.6273,-0.5327448501778671,8.278685899125554,0.01578326510371987,0.015724556100781106,0.014526411286033793,0.0013192481597467153,0.9082027561648044,0,0.9082027561648044,1,,0.0,0.0,0.0,,,0.0
2022-09-29,0.438,27.8066,-0.5277104258930282,8.378499160801764,0.01575165608164968,0.015729315291265356,0.01467239827585859,0.001282915386924002,0.823840002372173,0,0.823840002372173,1,,0.0,0.0,0.0,,,0.0
2022-09-30,0.43475,27.7438,-0.5266273135056198,8.34331395980271,0.015670167749190812,0.0157175257119477,0.014803965526391969,0.0012408049587517552,0.7362641316930026,0,0.7362641316930026,1,,0.0,0.0,0.0,,,0.0
2022-10-01,0.430027,27.5628,-0.5162487335685753,8.294522183535312,0.015601716806710493,0.01569646497175954,0.014922030126043016,0.0011957227393539183,0.6476709192090583,0,0.6476709192090583,1,,0.0,0.0,0.0,,,0.0
2022-10-02,0.419552,26.9331,-0.49715414141279674,8.121021465146171,0.015577560696689204,0.015676873287592014,0.015049210349906842,0.0011170144791047825,0.5619111922239403,0,0.5619111922239403,1,,0.0,0.0,0.0,,,0.0
2022-10-03,0.427652,27.4343,-0.49236455484006214,8.330195669073305,0.015588223501237501,0.015637864967095537,0.01517147024951344,0.0010276378241034982,0.45385125638886914,0,0.45385125638886914,1,,0.0,0.0,0.0,2.511905277531453,14.879087056078527,17.39099233360998
2022-10-04,0.43554499999999996,27.8908,-0.5127403711009494,8.421658935915577,0.01561608128845354,0.015610750008456308,0.015339339882106928,0.0007682697043363488,0.3532745399401521,0,0.3532745399401521,1,,0.0,0.0,0.0,9.331348752003676,13.46269601424768,22.794044766251353
2022-10-05,0.43086599999999997,27.6175,-0.5183929363810095,8.297787412418291,0.015601194894541504,0.01559695543752645,0.015465967585100646,0.000552807704912607,0.2369501207413745,0,0.2369501207413745,1,,0.0,0.0,0.0,10.30538959552013,14.310669008184965,24.616058603705092
2022-10-06,0.428788,27.8292,-0.5092747234853511,8.386205338297296,0.015407844997340922,0.015558181075652534,0.015539522260501981,0.00042071376541175814,0.04435037948494709,0,0.04435037948494709,1,,0.0,0.0,0.0,10.737972812623607,13.653823480133285,24.391796292756894
2022-10-07,0.42394699999999996,27.5231,-0.5006503040042545,8.274921758977214,0.015403315760215964,0.015523332088357886,0.015604258169809005,0.0002565144265103853,-0.3154835482434057,0,0.3154835482434057,-1,,0.0,0.0,0.0,11.745737660553335,14.603565644217458,26.349303304770793
2022-10-08,0.421961,26.9629,-0.4917118894808384,8.133541887726818,0.015649689017130944,0.015535625191536576,0.015624397119279255,0.0002424054987514639,-0.3662125166298155,0,0.3662125166298155,-1,,0.0,0.0,0.0,12.159168973915948,16.34170860507976,28.500877578995706
2022-10-09,0.422878,26.9682,-0.4900987790179432,8.185919659186457,0.01568061642972093,0.015548532219790051,0.0156614082846486,0.00018127482863894068,-0.6226791976914486,0,0.6226791976914486,-1,,0.0,0.0,0.0,,,0.0
2022-10-10,0.401016,24.241,-0.4659338355654718,7.3576671995497795,0.01654288189431129,0.01573686961974401,0.015726773353275537,0.00024436440685638366,0.04131643637613356,0,0.04131643637613356,1,,0.0,0.0,0.0,16.519349667964285,24.78699836797001,41.30634803593429
2022-10-11,0.390768,23.7463,-0.4276512282652018,7.448545084137716,0.016455953137962546,0.015946491247868337,0.015758345946142786,0.00029350702866447995,0.6410248592057677,0,0.6410248592057677,1,,0.0,0.0,0.0,,,0.0
2022-10-12,0.38120299999999996,23.7935,-0.40568993946651727,7.511933830426612,0.01602130834051316,0.016070089763927774,0.015758062307751945,0.0002932363787933159,1.0640816717892905,-1,1.0640816717892905,1,-1.0,-262.3274213476809,-262.3274213476809,-4.202828503582911,,,0.0
2022-10-13,0.376782,22.9796,-0.39068117130389557,7.250429055090442,0.016396368953332522,0.01621942575116809,0.015779368002645327,0.00032339440333186575,1.3607463332356333,-1,1.3607463332356333,1,,0.0,0.0,0.0,,,0.0
2022-10-14,0.36666899999999997,23.1341,-0.37565138504254614,7.380223737844639,0.01584971967787811,0.016253246400799524,0.01578546098007781,0.0003235208178224288,1.445920617629208,-1,1.445920617629208,1,,0.0,0.0,0.0,,,0.0
2022-10-15,0.36408599999999997,22.7606,-0.3628900069840556,7.2455811503816285,0.01599632698610757,0.016143935419158782,0.015798821547094236,0.0003265745866693656,1.0567689163576919,-1,1.0567689163576919,1,,0.0,0.0,0.0,,,0.0
2022-10-16,0.37031000000000003,23.1224,-0.36651104865252476,7.399094669764465,0.016015206033975715,0.016055785998361417,0.015814230823410456,0.00032927465354652046,0.73359784104012,0,0.73359784104012,1,,0.0,0.0,0.0,,,0.0
2022-10-17,0.372422,23.8243,-0.37489073560955355,7.585419640726299,0.015632022766671003,0.015977928883592986,0.015812056005867665,0.0003303808323945166,0.5020656813626742,0,0.5020656813626742,1,,0.0,0.0,0.0,,,0.0
2022-10-18,0.362377,23.4069,-0.3668794699382069,7.382235847942244,0.015481631484733135,0.01579498138987311,0.015796974324918327,0.00033854803748201265,-0.005886712739616737,0,0.005886712739616737,-1,,0.0,0.0,0.0,4.938576034291429,27.37497595393083,32.31355198822226
2022-10-19,0.34966,22.3503,-0.3444687957883608,7.088512944645633,0.015644532735578493,0.015753944001413184,0.01579161815761477,0.0003401463790471874,-0.11075865722021382,0,0.11075865722021382,-1,,0.0,0.0,0.0,27.210275412702707,30.653308428845346,57.86358384154805
2022-10-20,0.340097,21.6724,-0.32365715053545285,6.97570579342919,0.015692632103504918,0.015693205024892652,0.015792741375330474,0.0003397610947989391,-0.2929598237159103,0,0.2929598237159103,-1,,0.0,0.0,0.0,29.20103253741908,32.75664136916766,61.95767390658674
2022-10-21,0.349141,22.0296,-0.3237210001263883,7.161676421510784,0.015848721719867814,0.015659908162071072,0.015805091620988337,0.0003369294218646096,-0.43090169482321244,0,0.43090169482321244,-1,,0.0,0.0,0.0,27.31831713054521,31.648350284519296,58.96666741506451
2022-10-22,0.351265,23.2289,-0.33381342542427295,7.511640675318708,0.015121895569742864,0.015557882722685445,0.01578230836464102,0.00036717357565824903,-0.6112249269388126,0,0.6112249269388126,-1,,0.0,0.0,0.0,,,0.0
2022-10-23,0.362105,23.4519,-0.3461097607780751,7.455942305616423,0.015440326796549535,0.015549621785048725,0.015774913529406624,0.0003727353403888243,-0.6044281825353147,0,0.6044281825353147,-1,,0.0,0.0,0.0,,,0.0
2022-10-24,0.357248,22.665,-0.3516839886369243,7.1839455826117895,0.01576210015442312,0.01557313526881765,0.015782214472705103,0.0003708859572111382,-0.5637290919818466,0,0.5637290919818466,-1,,0.0,0.0,0.0,,,0.0
2022-10-25,0.400047,24.6674,-0.3886498204973614,7.904135805814914,0.01621763947558316,0.015678136743233297,0.015813036701757186,0.0003805396529065201,-0.3544964565283499,0,0.3544964565283499,-1,,0.0,0.0,0.0,16.721069175843628,23.46399915606053,40.18506833190416
2022-10-26,0.402978,25.4856,-0.43984912781129704,7.950628253649484,0.015811987946134285,0.015670789988486592,0.015833243849196856,0.00036842854964363374,-0.4409372207104974,0,0.4409372207104974,-1,,0.0,0.0,0.0,16.11091450340363,20.92535479587213,37.03626929927576
2022-10-27,0.38820099999999996,24.7461,-0.42712333623923254,7.642134636988208,0.015687360836657088,0.015783883041869437,0.015847446103018907,0.0003562569991215034,-0.1784191224487115,0,0.1784191224487115,-1,,0.0,0.0,0.0,19.187084955346933,23.21981520208006,42.40690015742699
2022-10-28,0.40446499999999996,25.4847,-0.42744801085890677,7.942454871481809,0.01587089508607125,0.01586999669977378,0.015858506406465925,0.00035321510686076794,0.03253058287902133,0,0.03253058287902133,1,,0.0,0.0,0.0,15.801361450548546,20.92814724261397,36.729508693162515
2022-10-29,0.419965,25.8869,-0.46395228208747963,7.99452571085401,0.01622307035604881,0.01596219074009892,0.01588562910278232,0.00035960552502768727,0.21290450782341797,0,0.21290450782341797,1,,0.0,0.0,0.0,12.57468201594605,19.68023382087384,32.25491583681989
2022-10-30,0.405713,24.5059,-0.46763546198902894,7.5316166085681955,0.016555727396259677,0.016029808324234222,0.015886271377879742,0.0003608505142883349,0.3977739830510216,0,0.3977739830510216,1,,0.0,0.0,0.0,15.541561712846352,23.96508821028985,39.5066499231362
2022-10-31,0.40552699999999997,24.2517,-0.4495320193777577,7.581229355051112,0.016721590651377016,0.01621172886528277,0.015899553253550462,0.0003868728606647278,0.8069204213392639,0,0.8069204213392639,1,,0.0,0.0,0.0,,,0.0
2022-11-01,0.401223,24.0356,-0.44453501409624363,7.538246863054833,0.016692863918520862,0.016412829481655525,0.015933131032450844,0.0004252373802265051,1.1280721580712565,-1,1.1280721580712565,1,-1.0,-249.23795495273203,-249.23795495273203,-4.1604952653563885,,,0.0
2022-11-02,0.38565000000000005,22.9442,-0.42228865169622515,7.216210017317893,0.016808169384855434,0.016600284341412357,0.015953721054026992,0.00045758712304538917,1.4129840085583671,-1,1.4129840085583671,1,,0.0,0.0,0.0,,,0.0
2022-11-03,0.38952000000000003,24.03,-0.4088053701999274,7.669805321564905,0.016209737827715356,0.01659761783574567,0.015971721961518855,0.00046035347843978035,1.359598446715524,-1,1.359598446715524,1,,0.0,0.0,0.0,,,0.0
2022-11-04,0.421639,25.7846,-0.4472009778852984,8.110142253359804,0.016352357608805254,0.016556943878254782,0.01598952349265374,0.0004681723353219697,1.21199042060189,-1,1.21199042060189,1,,0.0,0.0,0.0,,,0.0
2022-11-05,0.42641799999999996,26.5097,-0.4937646426628993,8.157389451295895,0.016085357435202962,0.016429697235019972,0.015993031062715102,0.0004686374351197522,0.9317782566671995,0,0.9317782566671995,1,,0.0,0.0,0.0,,,0.0
2022-11-06,0.402065,24.8168,-0.47172169263576796,7.571844074097524,0.016201323297121303,0.01633138911074006,0.01602149608923762,0.00046280912154498133,0.6695914299785936,0,0.6695914299785936,1,,0.0,0.0,0.0,,,0.0
2022-11-07,0.404118,25.054,-0.44352934722627885,7.801288306503795,0.01612987946036561,0.0161957311258421,0.016053908488019242,0.000445381874513867,0.3184292984029846,0,0.3184292984029846,1,,0.0,0.0,0.0,-0.7215438795881545,22.26448814451222,21.542944264924067
2022-11-08,0.372288,21.8799,-0.4108919728826233,6.7928197676607605,0.017015068624628083,0.016356797285224642,0.01612243528247172,0.00048293276960044234,0.4852890868160018,0,0.4852890868160018,1,,0.0,0.0,0.0,22.499739783916567,32.11282725924455,54.612567043161114
2022-11-09,0.317116,18.3,-0.3209391781083598,5.930835938538466,0.017328743169398905,0.016552074397343373,0.01620424083576642,0.000541336655323551,0.6425457396175354,0,0.6425457396175354,1,,0.0,0.0,0.0,,,0.0
2022-11-10,0.368897,21.9849,-0.32120241149212814,7.563002505890001,0.016779562335966957,0.016690915377496174,0.01625078286657138,0.0005491208230452323,0.8015221649836072,0,0.8015221649836072,1,,0.0,0.0,0.0,,,0.0
2022-11-11,0.355371,21.503,-0.35635532228443645,6.958098360000913,0.016526577686834396,0.016755966255438792,0.016321016972425956,0.00048298194088364444,0.9005497849817532,0,0.9005497849817532,1,,0.0,0.0,0.0,,,0.0
2022-11-12,0.33977,20.5009,-0.32840934702173336,6.681751638913611,0.016573418727958283,0.016844674108957326,0.01637767156899639,0.0004386616093740694,1.0646077294689755,-1,1.0646077294689755,1,-1.0,-294.3167436795479,-294.3167436795479,-4.877834631650317,,,0.0
2022-11-13,0.329986,19.872,-0.3056879752831371,6.579111190107758,0.016605575684380033,0.016762775520907713,0.016419845345494236,0.0004163434636098072,0.8236713324143062,0,0.8236713324143062,1,,0.0,0.0,0.0,,,0.0
2022-11-14,0.332264,20.4703,-0.29968655784575343,6.847830542602052,0.016231515903528525,0.01654333006773364,0.016420539166891505,0.00041600018036709157,0.29517030673828093,0,0.29517030673828093,1,,0.0,0.0,0.0,2.2091414780586907,36.48641940067886,38.69556087873755
2022-11-15,0.337325,20.5747,-0.3061510345665753,6.815127526422691,0.016395135773547124,0.016466444755249672,0.016449696558262145,0.00039077349246961524,0.042859091801959175,0,0.042859091801959175,1,,0.0,0.0,0.0,29.778087724046053,36.162495578625986,65.94058330267204
2022-11-16,0.33203499999999997,19.9365,-0.30554194057977874,6.592622409163526,0.01665462844531387,0.01649205490694557,0.016498059938694985,0.0003490917177385053,-0.017201874018431155,0,0.017201874018431155,-1,,0.0,0.0,0.0,30.879322189145878,38.142650590447346,69.02197277959323
2022-11-17,0.32501199999999997,19.6642,-0.2947914824441821,6.571046564146901,0.016528106915104604,0.016482992544374832,0.016530920530146653,0.000316344766911418,-0.15150554327090282,0,0.15150554327090282,-1,,0.0,0.0,0.0,32.34132023232093,38.98752086578259,71.32884109810352
2022-11-18,0.32589399999999996,19.560200000000002,-0.28996883997930945,6.5664703285526995,0.016661077085101377,0.0164940928245191,0.01655282086659928,0.00030898669055507766,-0.1900665752776563,0,0.1900665752776563,-1,,0.0,0.0,0.0,32.15771176384871,39.31020360039466,71.46791536424337
2022-11-19,0.328202,19.4933,-0.2927282786094879,6.555681988036783,0.016836656697429373,0.01661512098329927,0.016566867331657766,0.0003154437969123379,0.15297067849748358,0,0.15297067849748358,1,,0.0,0.0,0.0,31.677248787393054,39.51777547487107,71.19502426226413
2022-11-20,0.312293,18.1542,-0.2803031238640607,6.112379508730853,0.017202245210474712,0.016776542870684787,0.01659090005961265,0.0003447963009757697,0.538413000797193,0,0.538413000797193,1,,0.0,0.0,0.0,,,0.0
2022-11-21,0.30461000000000005,18.0331,-0.26173439172803226,6.220665748647433,0.01689171578929857,0.016823960339481726,0.016600842653151537,0.00035070768046024735,0.6361927575620326,0,0.6361927575620326,1,,0.0,0.0,0.0,,,0.0
2022-11-22,0.312455,18.4585,-0.2628492908802652,6.382146057708756,0.016927431806484816,0.01690382531775777,0.016606805774233006,0.0003554009293206477,0.8357309140764437,0,0.8357309140764437,1,,0.0,0.0,0.0,,,0.0
2022-11-23,0.31879799999999997,20.3878,-0.2740474679945109,6.992840128884324,0.015636704303554086,0.01669895076144831,0.01657815409802494,0.00040826346814079367,0.2958791879505449,0,0.2958791879505449,1,,0.0,0.0,0.0,33.6349064262964,36.742393685347096,70.3773001116435
2022-11-24,0.316341,20.2281,-0.27671593996279803,6.709295129087732,0.015638690732199267,0.016459357568402288,0.01654247075419464,0.00045728279109464974,-0.1817544578780135,0,0.1817544578780135,-1,,0.0,0.0,0.0,34.146387159897586,37.237897846092736,71.38428500599032
2022-11-25,0.31455099999999997,20.1056,-0.27330051440821895,6.686103671684271,0.0156449446920261,0.01614789746471257,0.0165204501170358,0.0004898950342057437,-0.7604744410754102,0,0.7604744410754102,-1,,0.0,0.0,0.0,,,0.0
2022-11-26,0.313697,19.8989,-0.27122129034198256,6.630759986816759,0.015764539748428303,0.015922462256538514,0.01649861093960115,0.0005140123545007464,-1.1208848931700137,1,1.1208848931700137,-1,-1.0,318.77894911331634,318.77894911331634,-5.025403414259078,,,0.0
2022-11-27,0.31252199999999997,19.8608,-0.269571746359879,6.640932243209938,0.015735619914605654,0.01568409987816268,0.016478897962313152,0.0005359882992626018,-1.482864617089463,1,1.482864617089463,-1,,0.0,0.0,0.0,,,0.0
2022-11-28,0.306541,19.3327,-0.26355959292455416,6.468494630372209,0.015856088389102404,0.015727976695272344,0.01642094895053687,0.0005376183692438857,-1.288966848806024,1,1.288966848806024,-1,,0.0,0.0,0.0,,,0.0
2022-11-29,0.30904699999999996,19.5143,-0.26137179985144704,6.588666831977946,0.01583695033898218,0.015767628616628927,0.016346359309016033,0.0005076949172005884,-1.1399182319535635,1,1.1399182319535635,-1,,0.0,0.0,0.0,,,0.0
2022-11-30,0.31871499999999997,20.2737,-0.2714173024442863,6.823525184899511,0.015720613405545113,0.01578276235933273,0.016293411862494937,0.0005153002640956569,-0.9909746583545602,0,0.9909746583545602,-1,,0.0,0.0,0.0,,,0.0
2022-12-01,0.314508,19.7373,-0.2750498943327055,6.558714466974919,0.015934702314906294,0.01581679487262833,0.016263818093898534,0.0005181923690992213,-0.8626588269666523,0,0.8626588269666523,-1,,0.0,0.0,0.0,,,0.0
2022-12-02,0.31923399999999996,19.844,-0.2759759399111913,6.653455767018803,0.01608718000403144,0.015887106890513487,0.016239506157702192,0.0005142941178685697,-0.6852096007809334,0,0.6852096007809334,-1,,0.0,0.0,0.0,,,0.0
2022-12-03,0.319582,19.2066,-0.2798855760687674,6.428123132614458,0.01663917611654327,0.01604372443600166,0.016241186179310356,0.0005156060859750554,-0.38297015624879255,0,0.38297015624879255,-1,,0.0,0.0,0.0,1.8760141155318584,40.407324898075686,42.283339013607545
2022-12-04,0.32225499999999996,19.4885,-0.28249610617342213,6.59452629048637,0.016535649229032504,0.016183464214011727,0.016256392845585554,0.000519773898285018,-0.14030837603514562,0,0.14030837603514562,-1,,0.0,0.0,0.0,32.91525282594668,39.53266852416087,72.44792135010755
2022-12-05,0.319338,19.4444,-0.2819980411469009,6.547322808349336,0.0164231346814507,0.01632396846919284,0.016257792790980732,0.0005202047797315684,0.1272108231036508,0,0.1272108231036508,1,,0.0,0.0,0.0,33.52249307825218,39.669498414510784,73.19199149276297
2022-12-06,0.318168,19.5414,-0.27872672563152745,6.585007836379181,0.016281740305198196,0.016393376067251223,0.016239148383974947,0.0005118485545390744,0.3013150704609482,0,0.3013150704609482,1,,0.0,0.0,0.0,33.76605533234798,39.368534710112996,73.13459004246099
2022-12-07,0.310171,18.6931,-0.27085013316343626,6.2886048991998855,0.016592806971556347,0.016494501460756206,0.016242383386797534,0.0005139710196562529,0.4905297464578641,0,0.4905297464578641,1,,0.0,0.0,0.0,35.43081374773613,42.00057090022277,77.43138464795891
2022-12-08,0.31444000000000005,19.1915,-0.26860715301494553,6.554128269101862,0.01638433681577782,0.016443533600603112,0.016228546373331355,0.0005057654478245362,0.4250729823409007,0,0.4250729823409007,1,,0.0,0.0,0.0,34.54212377958656,40.45417594896647,74.99629972855303
2022-12-09,0.311973,19.1697,-0.2696484413357941,6.488377407193525,0.01627427659274793,0.0163912590733462,0.016200427368097285,0.0004854002468737108,0.39314299174339623,0,0.39314299174339623,1,,0.0,0.0,0.0,35.05568624185524,40.521815214490935,75.57750145634617
2022-12-10,0.312623,19.1402,-0.2683830970588352,6.480885684534921,0.01633331940105119,0.016373296017266295,0.016156981077626108,0.0004263013694089425,0.5074225774599392,0,0.5074225774599392,1,,0.0,0.0,0.0,,,0.0
2022-12-11,0.30736199999999997,18.9006,-0.26433891524174513,6.403095969412292,0.016262023427827687,0.016369352641792196,0.016125496459552566,0.0003909702821479132,0.6237205060700081,0,0.6237205060700081,1,,0.0,0.0,0.0,,,0.0
2022-12-12,0.306884,18.5558,-0.26013091228750557,6.313228081766082,0.016538440810959374,0.016358479409672798,0.01610604690977629,0.0003571933359653459,0.7067111126647585,0,0.7067111126647585,1,,0.0,0.0,0.0,,,0.0
2022-12-13,0.314031,19.2873,-0.2658383705757219,6.603470338257094,0.016281750167208477,0.016337962079958933,0.016138299202959012,0.0003413548431771126,0.5849129754292806,0,0.5849129754292806,1,,0.0,0.0,0.0,,,0.0
2022-12-14,0.30789099999999997,18.7672,-0.2658211891382599,6.341455333537863,0.01640580374270003,0.016364267509949355,0.016176654853484053,0.00032496691219683363,0.577328489220665,0,0.577328489220665,1,,0.0,0.0,0.0,,,0.0
2022-12-15,0.300199,18.1745,-0.25483581544267025,6.198435896487239,0.016517593331315857,0.016401122296002286,0.016220287285448536,0.0003079571017560792,0.5872084440416053,0,0.5872084440416053,1,,0.0,0.0,0.0,,,0.0
2022-12-16,0.2635,15.9424,-0.21897937163849993,5.4973423213352275,0.016528251706142114,0.01645436795166517,0.016258472883334228,0.00029557147351079037,0.6627671676299018,0,0.6627671676299018,1,,0.0,0.0,0.0,,,0.0
2022-12-17,0.267124,16.1909,-0.2002876338383351,5.847238687267982,0.01649840342414566,0.01644636047430243,0.01629661205881123,0.0002728974095360209,0.5487352032611954,0,0.5487352032611954,1,,0.0,0.0,0.0,,,0.0
2022-12-18,0.266057,15.93,-0.2015518731506167,5.721059341800962,0.01670163214061519,0.01653033686898377,0.016338889246386868,0.00026647996644387016,0.7184315772466423,0,0.7184315772466423,1,,0.0,0.0,0.0,,,0.0
2022-12-19,0.25276699999999996,15.1959,-0.19090518513406138,5.4894434513270784,0.016633894668956754,0.016575955054235113,0.016378736462885596,0.0002462935130807723,0.8007461864610249,0,0.8007461864610249,1,,0.0,0.0,0.0,,,0.0
2022-12-20,0.258779,15.9267,-0.18816361187938863,5.853197294531679,0.016248124219078654,0.016522061231787677,0.016405112003562275,0.00019501276798106058,0.5997003654486868,0,0.5997003654486868,1,,0.0,0.0,0.0,,,0.0
2022-12-21,0.25343699999999997,16.6479,-0.18748379035696147,6.014421375404995,0.01522336150505469,0.016261083191570193,0.016369544963069697,0.000313932467762243,-0.34549396012663286,0,0.34549396012663286,-1,,0.0,0.0,0.0,47.24129316984825,48.34625098511315,95.58754415496139
2022-12-22,0.256658,16.4863,-0.1869812904977177,5.862245604380262,0.015567956424425128,0.016074993791626083,0.01634358378408938,0.00035702372403136295,-0.7523029266248445,0,0.7523029266248445,-1,,0.0,0.0,0.0,,,0.0
2022-12-23,0.25945399999999996,16.3897,-0.19077348228383437,5.8481805945196905,0.01583030805932994,0.01590072897536903,0.016303140381228712,0.00036743897573009247,-1.095178879867328,1,1.095178879867328,-1,-1.0,385.42477664634197,385.42477664634197,-6.10139294801003,,,0.0
2022-12-24,0.259091,16.4453,-0.19203649312026363,5.880350361003583,0.015754714112846832,0.01572489286414705,0.01626409362541943,0.00038261115630043927,-1.40926565363656,1,1.40926565363656,-1,,0.0,0.0,0.0,,,0.0
2022-12-25,0.25908000000000003,16.2035,-0.19182927423605625,5.786882190313534,0.01598913814916531,0.015673095650164382,0.01624239379880516,0.0003854132060462692,-1.4771111620197954,1,1.4771111620197954,-1,,0.0,0.0,0.0,,,0.0
2022-12-26,0.265297,16.2425,-0.196426320722213,5.8316605560152155,0.016333507772818223,0.01589512490371709,0.016244982172186163,0.00038586492480239106,-0.9066832613724625,0,0.9066832613724625,-1,,0.0,0.0,0.0,,,0.0
2022-12-27,0.260438,15.8534,-0.19627474163016093,5.687050581627258,0.016427895593374292,0.01606711273750692,0.01623673660327706,0.00037975466485638224,-0.4466669707251289,0,0.4466669707251289,-1,,0.0,0.0,0.0,0.37925798022001606,50.81136091443322,51.19061889465324
2022-12-28,0.248333,15.1143,-0.18458061747675214,5.469489605376718,0.016430334186829692,0.01618711796300687,0.01623903647182965,0.0003808333602870813,-0.13632867872615761,0,0.13632867872615761,-1,,0.0,0.0,0.0,48.30380748173283,53.10458023320032,101.40838771493316
2022-12-29,0.24384799999999998,15.7089,-0.1750543286502731,5.784600458853273,0.015522920128080259,0.016140759166053557,0.016201468648596267,0.00041288464316422845,-0.1470373954270854,0,0.1470373954270854,-1,,0.0,0.0,0.0,49.23746278910008,51.259703752427875,100.49716654152795
2022-12-30,0.245746,15.5428,-0.17413848074494723,5.643252197200388,0.015810922098978306,0.01610511595601615,0.01617534878349262,0.00042055714187698884,-0.16699948825744118,0,0.16699948825744118,-1,,0.0,0.0,0.0,48.84235068801133,51.775065312226566,100.6174160002379
2022-12-31,0.245753,15.6845,-0.17510549705688253,5.716764193429481,0.01566852625203226,0.01597211965185896,0.016145673924702852,0.00043481650828297054,-0.39914370668499727,0,0.39914370668499727,-1,,0.0,0.0,0.0,48.840893477944086,51.33541008631763,100.17630356426172
2023-01-01,0.24995000000000003,15.7934,-0.1780995849759524,5.737477793098818,0.015826231210505658,0.01585178677528524,0.01611006344468017,0.00043009535152088393,-0.6005102554157438,0,0.6005102554157438,-1,,0.0,0.0,0.0,,,0.0
2023-01-02,0.253703,16.1281,-0.1829816286702818,5.844378166395777,0.015730495222623868,0.01571181898244407,0.016082500697450937,0.00043613492723936176,-0.8499243969135909,0,0.8499243969135909,-1,,0.0,0.0,0.0,,,0.0
2023-01-03,0.252919,15.8957,-0.18439826618355498,5.716719769535136,0.015911158363582603,0.015789466629544537,0.016057768428495066,0.000430829032775157,-0.6227570069321485,0,0.6227570069321485,-1,,0.0,0.0,0.0,,,0.0
2023-01-04,0.26789199999999996,19.2077,-0.1948750478831245,6.944093381084462,0.013947114959104941,0.015416705201569866,0.01592924450988452,0.0006257505231678411,-0.8190793125029119,0,0.8190793125029119,-1,,0.0,0.0,0.0,,,0.0
2023-01-05,0.269175,18.2294,-0.20435837522764258,6.168352000082597,0.014765982423996403,0.015236196435962695,0.01584113104577723,0.0006600956882711192,-0.9164347238791117,0,0.9164347238791117,-1,,0.0,0.0,0.0,,,0.0
2023-01-06,0.27855,20.4245,-0.21224578504196262,7.035566311947679,0.0136380327547798,0.014798556744817523,0.01569811251230894,0.0008043090895109766,-1.118420491851397,1,1.118420491851397,-1,-1.0,359.0019745108598,359.0019745108598,-4.896080687409729,,,0.0
2023-01-07,0.276713,20.0225,-0.21649362942886535,6.637142120137973,0.01382010238481708,0.014416478177256168,0.015554036024519033,0.0008704523574682323,-1.3068582530714563,1,1.3068582530714563,-1,,0.0,0.0,0.0,,,0.0
2023-01-08,0.297572,20.3776,-0.23161420203568284,6.799657921485912,0.014602897298994975,0.014154825964338641,0.015452486156020948,0.0008561966539111116,-1.5156099778649992,1,1.5156099778649992,-1,,0.0,0.0,0.0,,,0.0
2023-01-09,0.31720499999999996,20.1311,-0.26169890628124676,6.678230446655396,0.015756963106834696,0.01451679559388459,0.015427928100408748,0.0008390466337169969,-1.0859140242155776,1,1.0859140242155776,-1,,0.0,0.0,0.0,,,0.0
2023-01-10,0.32225499999999996,20.214,-0.28065931716577125,6.732914667777617,0.015942168793905212,0.014752032867866352,0.01546386846485127,0.0008451953253062875,-0.8422143091325774,0,0.8422143091325774,-1,,0.0,0.0,0.0,,,0.0
2023-01-11,0.322905,20.5533,-0.28514795444494556,6.836571297760249,0.015710615813518996,0.015166549479614192,0.015471001434305968,0.0008467206084328773,-0.3595660146447363,0,0.3595660146447363,-1,,0.0,0.0,0.0,15.923532579429178,36.228893756709624,52.1524263361388
2023-01-12,0.329242,20.8744,-0.29126224328189837,6.905144378627831,0.01577252519832905,0.015557034042316587,0.015468112291255923,0.0008455278131279941,0.10516715083765438,0,0.10516715083765438,1,,0.0,0.0,0.0,31.46074900597457,35.23261081359486,66.69335981956942
2023-01-13,0.345421,21.6188,-0.31092055941556884,7.1149029461653175,0.01597780635372916,0.015832015853263423,0.015479266903300037,0.0008509619107831755,0.41452965813562237,0,0.41452965813562237,1,,0.0,0.0,0.0,28.09272019484981,32.92294708623695,61.01566728108676
2023-01-14,0.35244000000000003,22.4985,-0.33155491929281394,7.32000539971394,0.015665044336289086,0.0158136320991543,0.015463062212656229,0.0008437971827194977,0.41546700282668614,0,0.41546700282668614,1,,0.0,0.0,0.0,26.631554843141743,30.193485532023153,56.825040375164896
2023-01-15,0.350616,22.4076,-0.3362014038162521,7.197035374152493,0.015647191131580356,0.01575463656668933,0.015428746380594336,0.0008201590501949924,0.39734998475907074,0,0.39734998475907074,1,,0.0,0.0,0.0,27.011262152091103,30.475522652948513,57.48678480503962
2023-01-16,0.35035299999999997,21.8756,-0.33428598808694665,7.0353118557211385,0.016015697855144544,0.01581565297501444,0.015408136493682847,0.0007986262553853616,0.5102718306386679,0,0.5102718306386679,1,,0.0,0.0,0.0,,,0.0
2023-01-17,0.345433,21.8263,-0.32935580550836585,7.074122986554629,0.015826457072430966,0.015826439349834822,0.01537794263796291,0.0007688044246645069,0.583369056529075,0,0.583369056529075,1,,0.0,0.0,0.0,,,0.0
2023-01-18,0.326598,20.3704,-0.3072543199236423,6.607082644813119,0.016032969406589954,0.015837471960406982,0.015403445101888397,0.0007822093778772307,0.5548729928250825,0,0.5548729928250825,1,,0.0,0.0,0.0,,,0.0
2023-01-19,0.337934,20.7473,-0.30198961855991513,6.883453746000376,0.016288095318426978,0.01596208215683456,0.01542730376286083,0.0008023112171568694,0.6665473229563121,0,0.6665473229563121,1,,0.0,0.0,0.0,,,0.0
2023-01-20,0.365018,22.4557,-0.33645168140982684,7.405217202453691,0.016255026563411518,0.01608364924320079,0.015456628778429793,0.0008220673589012301,0.762736116428549,0,0.762736116428549,1,,0.0,0.0,0.0,,,0.0
2023-01-21,0.36858,21.8067,-0.36572420177496595,7.008320190692288,0.016902144753676622,0.016260938622907208,0.01551042445558834,0.0008806436368727411,0.8522336798844344,0,0.8522336798844344,1,,0.0,0.0,0.0,,,0.0
2023-01-22,0.376351,22.5665,-0.3770683746271,7.321515026870735,0.016677420069572152,0.016431131222335443,0.015557770697935755,0.0009177703352028874,0.9516111938904833,0,0.9516111938904833,1,,0.0,0.0,0.0,,,0.0
2023-01-23,0.37484799999999996,22.7639,-0.3835809646524077,7.304394242125207,0.01646677414678504,0.016517892170374464,0.015585551487095877,0.0009372331720843729,0.9947798595360156,0,0.9947798595360156,1,,0.0,0.0,0.0,,,0.0
2023-01-24,0.358701,21.1849,-0.3655608709208406,6.778786331921217,0.01693191848911253,0.01664665680451157,0.015734791663596256,0.0008994879128083602,1.0137603050921622,-1,1.0137603050921622,1,-1.0,-278.7837223760179,-278.7837223760179,-4.720343263362112,,,0.0
2023-01-25,0.37318799999999996,21.8336,-0.3639913556067457,7.150846973377901,0.017092371390883772,0.016814125770006023,0.015851111111940624,0.0009178441185283254,1.049213737523862,-1,1.049213737523862,1,,0.0,0.0,0.0,,,0.0
2023-01-26,0.37966099999999997,21.9859,-0.38517947994173357,7.1302922109047975,0.01726838564716477,0.016887373948703654,0.01603262875655987,0.00080975294736379,1.0555629280837686,-1,1.0555629280837686,1,,0.0,0.0,0.0,,,0.0
2023-01-27,0.389881,22.0062,-0.40257144912512227,7.120822698246581,0.01771687070007543,0.017095264074804307,0.01622746717232279,0.000712314784533025,1.2182772579266652,-1,1.2182772579266652,1,,0.0,0.0,0.0,,,0.0
2023-01-28,0.38181099999999996,21.7484,-0.4053566627938402,7.0353021452807,0.017555820198267458,0.017313073285100792,0.016375113317286413,0.0006621242330075905,1.4165921152800138,-1,1.4165921152800138,1,,0.0,0.0,0.0,,,0.0
2023-01-29,0.39772799999999997,22.7763,-0.41308245786782827,7.396006735696961,0.017462362192278817,0.01741916202573405,0.01646038327155862,0.0006876482665096567,1.3942865864287948,-1,1.3942865864287948,1,,0.0,0.0,0.0,,,0.0
2023-01-30,0.372492,21.3451,-0.4040100679678459,6.82885749130924,0.017450937217441006,0.017490875191045495,0.01653582169273541,0.0007101954659514379,1.344775549968648,-1,1.344775549968648,1,,0.0,0.0,0.0,,,0.0
2023-01-31,0.390191,21.698900000000002,-0.3951142348263928,7.0892389514109855,0.017982063606910948,0.017633610782994733,0.016649394082405008,0.0007516946319596161,1.3093304897281755,-1,1.3093304897281755,1,,0.0,0.0,0.0,,,0.0
2023-02-01,0.39688599999999996,22.3439,-0.42171716367358136,7.2609687236942,0.017762610824430827,0.01764275880786581,0.016748898363710095,0.0007611688383672721,1.1743261141287267,-1,1.1743261141287267,1,,0.0,0.0,0.0,,,0.0
2023-02-02,0.39815799999999996,22.4233,-0.4308574089609952,7.218063703043127,0.01775644084501389,0.017682882937215098,0.016837830088274334,0.0007701867149089391,1.097205174514957,-1,1.097205174514957,1,,0.0,0.0,0.0,,,0.0
2023-02-03,0.4035,23.1663,-0.43815529376037965,7.448730122644725,0.01741754186037477,0.017673918870834287,0.016925454964478618,0.0007282871354175078,1.027704417608028,-1,1.027704417608028,1,,0.0,0.0,0.0,,,0.0
2023-02-04,0.399451,23.8105,-0.4401281782269264,7.576450291453278,0.01677625417357888,0.017538982262061863,0.016981908116578542,0.0006649971967707894,0.837709013193529,0,0.837709013193529,1,,0.0,0.0,0.0,,,0.0
2023-02-05,0.392296,22.8696,-0.42749407773774206,7.214096613105767,0.017153601287298422,0.017373289798139357,0.017038803288186237,0.0006254842009479013,0.5347641226528443,0,0.5347641226528443,1,,0.0,0.0,0.0,,,0.0
2023-02-06,0.38215499999999997,22.1242,-0.4083993018729936,7.06886695295895,0.017273166939369557,0.017275401021127103,0.017111138781533166,0.0005579036763333102,0.29442759845841393,0,0.29442759845841393,1,,0.0,0.0,0.0,-6.538593424607117,31.354833104766396,24.816239680159278
2023-02-07,0.399449,23.1934,-0.415258301490556,7.489782501978287,0.017222528822854778,0.01716861861669528,0.017170616752346407,0.0004969951651388897,-0.004020432775371035,0,0.004020432775371035,-1,,0.0,0.0,0.0,16.845556550159255,28.037406375466176,44.882962925625435
2023-02-08,0.39444,22.6328,-0.4298280992236146,7.199030544726918,0.0174278038952317,0.01717067102366667,0.017227602181186644,0.0004539553683367537,-0.12541135426718794,0,0.12541135426718794,-1,,0.0,0.0,0.0,17.88829443970273,29.776790423769302,47.66508486347203
2023-02-09,0.362181,20.9002,-0.3893212703720805,6.700070136428409,0.017329068621352903,0.01728123391322147,0.017281304284083712,0.00039216993104301595,-0.00017943971903808056,0,0.00017943971903808056,-1,,0.0,0.0,0.0,24.60374294814415,35.15256067366225,59.756303621806396
2023-02-10,0.358166,20.977,-0.35266054842722183,6.9008766402032835,0.017074224150259807,0.01726535848581375,0.017289908253912877,0.00038524001458154384,-0.06372590377402682,0,0.06372590377402682,-1,,0.0,0.0,0.0,25.439557008139566,34.914271885025656,60.35382889316522
2023-02-11,0.368461,21.4768,-0.3588584108132039,7.056782642340235,0.017156233703345004,0.017241971838608837,0.017313848935601513,0.00035916947272248166,-0.20012028429880732,0,0.20012028429880732,-1,,0.0,0.0,0.0,23.296417344963263,33.363533127726505,56.65995047268977
2023-02-12,0.364108,21.0589,-0.3646840522237936,6.866346087341547,0.017289981907886925,0.017255462455615267,0.01735500932365661,0.0002991392809594409,-0.33277765368046,0,0.33277765368046,-1,,0.0,0.0,0.0,24.202593833919693,34.66015923151865,58.86275306543834
2023-02-13,0.359045,20.64,-0.35538286766362975,6.773157340626403,0.017395591085271316,0.01724901989362319,0.01737819295346455,0.00028210611013409473,-0.4578882030593397,0,0.4578882030593397,-1,,0.0,0.0,0.0,25.256573058267588,35.95988805391283,61.21646111218041
2023-02-14,0.386603,21.2128,-0.37742863453428616,7.00732795618889,0.018224986800422383,0.017428203529437088,0.017434823723941482,0.0003311318913918494,-0.01999262129832122,0,0.01999262129832122,-1,,0.0,0.0,0.0,19.519745196411108,34.18265083866483,53.702396035075935
2023-02-15,0.41909599999999997,22.4604,-0.4409879877185213,7.352964350102694,0.0186593293084718,0.017745224561079485,0.017504370907006832,0.0004266327361866734,0.5645456469783585,0,0.5645456469783585,1,,0.0,0.0,0.0,,,0.0
2023-02-16,0.38748299999999997,21.3511,-0.4455593084964945,6.8614362370593645,0.018148151617481068,0.0179436081439067,0.017525934952877114,0.00044828865347035544,0.9317059171501089,0,0.9317059171501089,1,,0.0,0.0,0.0,,,0.0
2023-02-17,0.40357000000000004,22.4218,-0.42566934687919966,7.324744737829264,0.017999000972268062,0.018085411956782926,0.017548093991577144,0.00046062711775779334,1.1664922547793084,-1,1.1664922547793084,1,-1.0,-247.78848774685926,-247.78848774685926,-4.4599452318725525,,,0.0
2023-02-18,0.40613299999999997,22.636,-0.447576170350871,7.278377723324401,0.017941906697296343,0.01819467507918793,0.01757207121682802,0.0004683459051094781,1.3293675797472284,-1,1.3293675797472284,1,,0.0,0.0,0.0,,,0.0
2023-02-19,0.399169,22.4974,-0.44299218493058695,7.211764797001284,0.017742894734502655,0.018098256666003988,0.0175866690926811,0.000468921221002235,1.090988316181255,-1,1.090988316181255,1,,0.0,0.0,0.0,,,0.0
2023-02-20,0.403677,23.175,-0.43955794212629856,7.443631362306248,0.01741864077669903,0.01785011895964943,0.017558497951170506,0.00046077049587030846,0.6328986145870901,0,0.6328986145870901,1,,0.0,0.0,0.0,,,0.0
2023-02-21,0.39246899999999996,22.8509,-0.4326442471198319,7.270239004782551,0.017175209729157273,0.01765553058198467,0.01752912789640683,0.0004657690494561196,0.27138489714042424,0,0.27138489714042424,1,,0.0,0.0,0.0,2.750700002477905,29.100087496664575,31.85078749914248
2023-02-22,0.38881299999999996,22.491,-0.4157104088750722,7.18794127759751,0.017287492774887732,0.017513228942508608,0.01750568049290052,0.00046552721000904187,0.01621484082088315,0,0.01621484082088315,1,,0.0,0.0,0.0,19.05968316089682,30.216755921538446,49.27643908243527
2023-02-23,0.38231699999999996,22.1,-0.4047152487989591,7.098998390032946,0.01729941176470588,0.017384729955990514,0.017499773988117077,0.0004674497842791379,-0.24610992666083864,0,0.24610992666083864,-1,,0.0,0.0,0.0,20.41197410329539,31.42991889493573,51.84189299823112
2023-02-24,0.36574,21.1071,-0.38038276944646626,6.818469012659016,0.017327818601323725,0.01730171472935473,0.01752735220950432,0.00043785080869063544,-0.51532959554042,0,0.51532959554042,-1,,0.0,0.0,0.0,,,0.0
2023-02-25,0.361985,20.987,-0.3598859362929237,6.88186476329251,0.01724805832181827,0.017267598238378576,0.01753207506123031,0.0004341005522632758,-0.6092524450218456,0,0.6092524450218456,-1,,0.0,0.0,0.0,,,0.0
2023-02-26,0.36898899999999996,21.3891,-0.3631236437184189,7.026866035403355,0.017251263494022655,0.017282808991351654,0.017530979888962968,0.0004348151593188822,-0.5707503344641026,0,0.5707503344641026,-1,,0.0,0.0,0.0,,,0.0
2023-02-27,0.364597,21.3027,-0.3656983203550012,6.9551173861241775,0.017115060532233002,0.017248322542820705,0.017525606474431875,0.000439466758945401,-0.6309554157783738,0,0.6309554157783738,-1,,0.0,0.0,0.0,,,0.0
2023-02-28,0.351736,20.7295,-0.3486115187263506,6.776929112302298,0.01696789599363226,0.017182019388605984,0.017502611079351905,0.00045655399658398575,-0.7021988486458165,0,0.7021988486458165,-1,,0.0,0.0,0.0,,,0.0
2023-03-01,0.360246,21.2795,-0.3447744582978388,7.019328463475096,0.01692925115721704,0.017102305899784644,0.017482620206145112,0.00047300948023715016,-0.8040310443033654,0,0.8040310443033654,-1,,0.0,0.0,0.0,,,0.0
2023-03-02,0.35050899999999996,21.0847,-0.34331041652583394,6.895508205347636,0.016623855212547483,0.016977465277930488,0.017460101759259494,0.0005032300805927028,-0.9590771695534541,0,0.9590771695534541,-1,,0.0,0.0,0.0,,,0.0
2023-03-03,0.343003,20.3623,-0.3271777725945674,6.679344487223597,0.016845002774735662,0.01689621313407309,0.01744454021282903,0.0005177246523345801,-1.05910946346357,1,1.05910946346357,-1,-1.0,291.54263956875013,291.54263956875013,-4.911036572489355,,,0.0
2023-03-04,0.336594,19.9563,-0.3145691028028847,6.621892797061713,0.016866553419220998,0.01684651171147069,0.017423368788395732,0.0005328154305085541,-1.0826583538964936,1,1.0826583538964936,-1,,0.0,0.0,0.0,,,0.0
2023-03-05,0.33694799999999997,19.759900000000002,-0.3094451856551355,6.600836390490682,0.017052110587604186,0.016863354630265073,0.017406194763512375,0.0005392546261677233,-1.0066490056933937,1,1.0066490056933937,-1,,0.0,0.0,0.0,,,0.0
2023-03-06,0.330532,19.6645,-0.30384620195443995,6.590742705900474,0.016808563655317958,0.016839217129885255,0.017335373606257153,0.0005186797663551091,-0.956575730452167,0,0.956575730452167,-1,,0.0,0.0,0.0,,,0.0
2023-03-07,0.330684,19.2165,-0.2987068894040853,6.451055245493568,0.017208336585746623,0.016956113404525082,0.017262823970120893,0.0004148275487972199,-0.7393688449214851,0,0.7393688449214851,-1,,0.0,0.0,0.0,,,0.0
2023-03-08,0.317631,18.2427,-0.287035319100613,6.171895787904248,0.017411402917331318,0.017069393433044217,0.017225986535113407,0.000361334277191483,-0.4333746116928897,0,0.4333746116928897,-1,,0.0,0.0,0.0,-7.39701985113833,43.39803535858118,36.00101550744285
2023-03-09,0.31007799999999996,17.1,-0.270370108289317,5.888906299221126,0.018133216374269002,0.017322726024053818,0.017232697305213453,0.00037733837319994096,0.23858882434058984,0,0.23858882434058984,1,,0.0,0.0,0.0,35.45017382434374,46.94351190513127,82.39368572947501
2023-03-10,0.314762,17.4206,-0.26881335655793526,6.136005124166637,0.01806837881588464,0.017525979669709906,0.01723902091114287,0.0003906732768408961,0.734523643100118,0,0.734523643100118,1,,0.0,0.0,0.0,,,0.0
2023-03-11,0.305007,17.1485,-0.26386092766817804,6.00090266929765,0.017786220369128494,0.017721511012472015,0.01724118719287416,0.00039372252699052104,1.219955137617564,-1,1.219955137617564,1,-1.0,-327.8613277728052,-327.8613277728052,-5.831413826282182,,,0.0
2023-03-12,0.329794,18.7108,-0.27773984499001003,6.583880330575776,0.0176258631378669,0.01780501632289607,0.017251548310932556,0.00040129198516735624,1.3792152159049342,-1,1.3792152159049342,1,,0.0,0.0,0.0,,,0.0
2023-03-13,0.343334,19.5581,-0.3095087032047147,6.6771684165356735,0.017554568184026054,0.01783364937623502,0.017270516233675995,0.0004064265138723184,1.3855718643787498,-1,1.3855718643787498,1,,0.0,0.0,0.0,,,0.0
2023-03-14,0.34327,20.2159,-0.32109770731631976,6.798941021510743,0.016980198754445758,0.01760304585227037,0.017255151532653897,0.0004115274671036922,0.8453732677066119,0,0.8453732677066119,1,,0.0,0.0,0.0,,,0.0
2023-03-15,0.324129,18.3992,-0.30314018886096067,6.1198693245317335,0.017616472455324144,0.017512664580158273,0.01727100456718481,0.0004193547508642574,0.5762663054977232,0,0.5762663054977232,1,,0.0,0.0,0.0,,,0.0
2023-03-16,0.324891,18.7258,-0.2883783515583579,6.429884901503292,0.01734991295431971,0.017425403097196514,0.017272109284834608,0.00041954135518127176,0.36538427134476853,0,0.36538427134476853,1,,0.0,0.0,0.0,-6.5191946414344635,41.89911200193609,35.37991736050162
2023-03-17,0.34942,20.2871,-0.3107984620521467,6.924155911790507,0.01722375302532151,0.017344981074687436,0.017270894020009774,0.00041964987706417814,0.17654492167605673,0,0.17654492167605673,1,,0.0,0.0,0.0,27.26023690072236,37.054837448572435,64.3150743492948
2023-03-18,0.337127,20.7769,-0.32062121408086897,6.90265848784235,0.016226049121861298,0.017079277262254482,0.0172196333014017,0.0004803932953031227,-0.29216902175675635,0,0.29216902175675635,-1,,0.0,0.0,0.0,29.819305951662262,35.53512587729367,65.35443182895594
2023-03-19,0.344817,21.0484,-0.31713272001891285,6.937870013883317,0.016382100302160734,0.01695965757179748,0.01718298528989809,0.000515468165901244,-0.4332522023162054,0,0.4332522023162054,-1,,0.0,0.0,0.0,28.218456606365933,34.69273777684006,62.911194383205995
2023-03-20,0.331963,19.5655,-0.31177804142831894,6.421603769250028,0.016966752702460966,0.016829713621224842,0.017182928125339524,0.0005154933371482293,-0.6851970310008397,0,0.6851970310008397,-1,,0.0,0.0,0.0,,,0.0
2023-03-21,0.369599,20.8933,-0.33516673112759826,7.025867965038674,0.017689833583014652,0.016897697746963834,0.017220957246629406,0.0005237823518350643,-0.6171637867007869,0,0.6171637867007869,-1,,0.0,0.0,0.0,,,0.0
2023-03-22,0.35957000000000006,20.0235,-0.36125465877491403,6.587916044044666,0.017957400054935454,0.01704442715288662,0.017287634488748805,0.0005286283725111279,-0.4600724223463136,0,0.4600724223463136,-1,,0.0,0.0,0.0,25.14728230322459,37.87271407206995,63.01999637529454
2023-03-23,0.37172499999999997,20.7995,-0.3634221109426454,6.940323102681888,0.017871823841919276,0.017373582096898217,0.017338975542107983,0.000533219983198326,0.06490108375657508,0,0.06490108375657508,1,,0.0,0.0,0.0,22.616941107896007,35.4650044368876,58.08194554478361
2023-03-24,0.359575,20.1945,-0.3633535332315961,6.654027275859447,0.01780559063111243,0.017658280162688555,0.017385927402702554,0.0005307692973900285,0.5131283239728665,0,0.5131283239728665,1,,0.0,0.0,0.0,,,0.0
2023-03-25,0.351421,20.0135,-0.34357629409595136,6.659157342307177,0.01755919754165938,0.01777676913052824,0.017411281750405315,0.0005260746850145118,0.6947442835285677,0,0.6947442835285677,1,,0.0,0.0,0.0,,,0.0
2023-03-26,0.355694,20.3217,-0.340126302128219,6.782022498640961,0.01750316164494112,0.01773943474291353,0.017446011649886472,0.0005067640582820825,0.5790132276186993,0,0.5790132276186993,1,,0.0,0.0,0.0,,,0.0
2023-03-27,0.345505,19.6873,-0.3342460979049362,6.536962536817075,0.017549638599503235,0.017657882451827086,0.0174630767505743,0.0005040786885057192,0.3864589114653159,0,0.3864589114653159,1,,0.0,0.0,0.0,28.075233674042927,38.91584806607549,66.99108174011842
2023-03-28,0.368014,20.1411,-0.34628523711632925,6.758817908128741,0.01827179250388509,0.01773787618422025,0.017506096229901992,0.0005351905038339036,0.43307934774229606,0,0.43307934774229606,1,,0.0,0.0,0.0,23.38947061639986,37.507834364470135,60.89730498086999
2023-03-29,0.38116099999999997,20.6679,-0.3813004423120178,6.882961931248438,0.018442173612219916,0.017865192780441748,0.01752154409179954,0.0005582084638875341,0.6156278717970941,0,0.6156278717970941,1,,0.0,0.0,0.0,,,0.0
2023-03-30,0.376027,20.2846,-0.38985377990875253,6.697722408366518,0.018537560513887382,0.018060865374887346,0.017545003176699676,0.0005912783508350381,0.8724523694451845,0,0.8724523694451845,1,,0.0,0.0,0.0,,,0.0
2023-03-31,0.398736,20.7422,-0.40766620141712095,6.891412348916271,0.019223418923740007,0.018404916830647124,0.01761686310443025,0.0006995565654446918,1.126504653295517,-1,1.126504653295517,1,-1.0,-250.7925043136311,-250.7925043136311,-4.821089373354804,,,0.0
2023-04-01,0.392042,21.2364,-0.4263848546307034,7.003696393092637,0.01846085023827014,0.018587159158400507,0.017658612459450412,0.0007245899561120984,1.2814788434721869,-1,1.2814788434721869,1,,0.0,0.0,0.0,,,0.0
2023-04-02,0.381544,20.4237,-0.4074643116360765,6.6837675310703375,0.018681433824429463,0.018669087422509383,0.01771495574147058,0.00075906550963062,1.2569819981718129,-1,1.2569819981718129,1,,0.0,0.0,0.0,,,0.0
2023-04-03,0.387188,20.6934,-0.4018435973737555,6.859623926362232,0.018710700029961242,0.01872279270605765,0.017801480805246357,0.0007694610429301868,1.1973470382630949,-1,1.1973470382630949,1,,0.0,0.0,0.0,,,0.0
2023-04-04,0.389532,21.1204,-0.41053284210667723,6.970855095928611,0.018443400693168688,0.018703960741913907,0.017842827217138583,0.0007811253074419402,1.102426866177717,-1,1.102426866177717,1,,0.0,0.0,0.0,,,0.0
2023-04-05,0.392389,21.1335,-0.4161912875346301,6.928472569560326,0.0185671564104384,0.01857270823925359,0.017903689389944518,0.0007880883733774621,0.8489134872551135,0,0.8489134872551135,1,,0.0,0.0,0.0,,,0.0
2023-04-06,0.38303000000000004,20.6976,-0.40943810938077896,6.784186645414259,0.01850601035868893,0.018581740263337344,0.01796780225661289,0.0007819964428780881,0.7850905363007739,0,0.7850905363007739,1,,0.0,0.0,0.0,,,0.0
2023-04-07,0.383467,20.4752,-0.39959382189441783,6.757452160049232,0.018728364069703837,0.01859112631239222,0.018092918004005018,0.0006825078206997864,0.7299671788029917,0,0.7299671788029917,1,,0.0,0.0,0.0,,,0.0
2023-04-08,0.38531499999999996,20.3496,-0.40199719563230735,6.74003145172268,0.018934770216613595,0.018635940349722692,0.01822055149972766,0.0005761274226443517,0.7210016980071003,0,0.7210016980071003,1,,0.0,0.0,0.0,,,0.0
2023-04-09,0.38947099999999996,20.5533,-0.40838147269650876,6.821401311136082,0.018949317141286313,0.018737123639346216,0.018319679721668928,0.0005165214207571089,0.8081831670512438,0,0.8081831670512438,1,,0.0,0.0,0.0,,,0.0
2023-04-10,0.397132,21.0138,-0.42115203982173105,6.951257183133863,0.018898628520305702,0.018803418061319674,0.01838011946853348,0.0005096185093805671,0.8306185607361605,0,0.8306185607361605,1,,0.0,0.0,0.0,,,0.0
2023-04-11,0.4015,21.4765,-0.4347653961121261,7.052622334354872,0.018694852513212117,0.018841186492224313,0.01841699209144731,0.0005040719903332141,0.8415353539017109,0,0.8415353539017109,1,,0.0,0.0,0.0,,,0.0
2023-04-12,0.40470799999999996,22.045,-0.4434924111680094,7.187901025848733,0.01835826718076661,0.018767167114436867,0.018441314258389678,0.0004878573829607443,0.6679264625854999,0,0.6679264625854999,1,,0.0,0.0,0.0,,,0.0
2023-04-13,0.425137,22.4113,-0.46997783967517015,7.245612088649708,0.0189697607903156,0.01877416522917727,0.01849952276634984,0.0004773522529715822,0.575345483587319,0,0.575345483587319,1,,0.0,0.0,0.0,,,0.0
2023-04-14,0.438172,22.409,-0.5122758770896825,7.206473531591415,0.019553393725735196,0.018894980546067048,0.018599232575553633,0.0004788709223262027,0.6175943385260594,0,0.6175943385260594,1,,0.0,0.0,0.0,,,0.0
2023-04-15,0.452212,22.1052,-0.5480402646313958,7.109009623035589,0.02045726797314659,0.019206708436635224,0.018746937891963904,0.0005699315142882447,0.806711917388007,0,0.806711917388007,1,,0.0,0.0,0.0,,,0.0
2023-04-16,0.45135899999999995,22.264,-0.568745742423033,7.191649140052966,0.02027304168163852,0.0195223462703205,0.018883108046070667,0.0005936611496885995,1.0767728772299516,-1,1.0767728772299516,1,,0.0,0.0,0.0,,,0.0
2023-04-17,0.434122,21.723,-0.5457275058264351,7.000709910088646,0.019984440454817474,0.019847580925130677,0.018968740443617287,0.0006236060617421273,1.4092879069491908,-1,1.4092879069491908,1,,0.0,0.0,0.0,,,0.0
2023-04-18,0.44333799999999995,21.8503,-0.5313066055528682,7.098005955415869,0.020289790071532195,0.020111586781373997,0.0190611212665829,0.0006761353433120822,1.5536320134447374,-1,1.5536320134447374,1,,0.0,0.0,0.0,,,0.0
2023-04-19,0.416427,20.3012,-0.5119440832885551,6.582291537530886,0.020512432762595314,0.02030339458874602,0.019159864879018298,0.0007371068701990481,1.5513757312001766,-1,1.5513757312001766,1,,0.0,0.0,0.0,,,0.0
2023-04-20,0.400594,20.072,-0.45727606486831307,6.666932392679801,0.01995785173375847,0.020203511340868396,0.01919658651951922,0.0007584256043699358,1.3276514077945472,-1,1.3276514077945472,1,,0.0,0.0,0.0,,,0.0
2023-04-21,0.382432,19.3334,-0.41804672422504213,6.445915259213735,0.019780897307250665,0.020105082465990826,0.019262588872968243,0.0007484005245508261,1.1257255512056576,-1,1.1257255512056576,1,,0.0,0.0,0.0,,,0.0
2023-04-22,0.395694,20.1937,-0.4116647739604921,6.8179711759451385,0.019594923169107197,0.020027179008848768,0.019308263340202133,0.0007388805655434076,0.9729795344094762,0,0.9729795344094762,1,,0.0,0.0,0.0,,,0.0
2023-04-23,0.38866599999999996,19.7091,-0.419221326304652,6.55795977738878,0.01972012928038317,0.019913246850618963,0.01935873480272323,0.000730340568897465,0.7592513294624093,0,0.7592513294624093,1,,0.0,0.0,0.0,,,0.0
2023-04-24,0.383575,19.4026,-0.4058844742167171,6.508579782806802,0.019769257728345684,0.01976461184376904,0.019425027654482077,0.0007025272904020471,0.4833750858171246,0,0.4833750858171246,1,,0.0,0.0,0.0,3.802265157898956,39.79919205207602,43.60145720997498
2023-04-25,0.394536,19.7869,-0.4117383843445761,6.672574618421142,0.019939252737922564,0.019760892044601856,0.01949363247085629,0.0006810092831085644,0.3924463004757038,0,0.3924463004757038,1,,0.0,0.0,0.0,17.868309844494874,38.606817293312396,56.47512713780727
2023-04-26,0.401316,19.3423,-0.43150175344430025,6.479788857475025,0.02074810131163305,0.019954332845478335,0.019605737018503495,0.0006942866567808631,0.5020920733103853,0,0.5020920733103853,1,,0.0,0.0,0.0,,,0.0
2023-04-27,0.410037,19.8276,-0.4491065126414196,6.693325265053956,0.02068011257035647,0.020171370725728187,0.019703324443536126,0.0007016026277684037,0.6671102183308261,0,0.6671102183308261,1,,0.0,0.0,0.0,,,0.0
2023-04-28,0.404402,19.7606,-0.45361573276064737,6.615368083755162,0.020465066850196854,0.020320358239690924,0.019779839275215285,0.00069680338552814,0.7757123109640948,0,0.7757123109640948,1,,0.0,0.0,0.0,,,0.0
2023-04-29,0.402389,19.8,-0.4444588790757521,6.636078019782668,0.020322676767676767,0.020431042047557142,0.019848507256534812,0.0006780686154804562,0.8591089127603494,0,0.8591089127603494,1,,0.0,0.0,0.0,,,0.0
2023-04-30,0.39563099999999995,19.4062,-0.4345988750279906,6.499754630577378,0.020386835135162987,0.020520558527005225,0.019922917587277676,0.0006493945862204016,0.9203047768013153,0,0.9203047768013153,1,,0.0,0.0,0.0,,,0.0
2023-05-01,0.38671099999999997,19.2112,-0.41704100778586634,6.478030725761918,0.020129455734155074,0.02039682941150963,0.019994647748324823,0.0005823800126492698,0.6905828744967857,0,0.6905828744967857,1,,0.0,0.0,0.0,,,0.0
2023-05-02,0.391663,19.2513,-0.41224315318261806,6.513734635477801,0.020344755938559993,0.020329758085150335,0.020093972186214493,0.00044079417605759515,0.5349115567829845,0,0.5349115567829845,1,,0.0,0.0,0.0,,,0.0
2023-05-03,0.394017,19.5571,-0.4203504855057128,6.6125377225932365,0.020147005435366187,0.0202661458021842,0.020152834418467023,0.00035253642009773874,0.32141752527515455,0,0.32141752527515455,1,,0.0,0.0,0.0,17.976351562337367,39.31982202806098,57.296173590398354
2023-05-04,0.38725099999999996,19.2922,-0.4157903402757587,6.4883970330591145,0.020072931029120573,0.02021619665447296,0.02017881128363629,0.0003240302194692947,0.11537618589371709,0,0.11537618589371709,1,,0.0,0.0,0.0,19.384849178758053,40.14173218574114,59.526581364499194
2023-05-05,0.39411,19.6068,-0.41542888944364853,6.6245883847266684,0.020100679356141748,0.020158965498668715,0.020160981852786048,0.00031764965619449716,-0.0063477295756888255,0,0.0063477295756888255,-1,,0.0,0.0,0.0,17.956991485729752,39.16561691353964,57.12260839926939
2023-05-06,0.37882499999999997,18.9677,-0.40684646009400893,6.3738197306114905,0.019972110482557186,0.020127496448349137,0.02014593529283198,0.00031918578878220176,-0.05776837544426425,0,0.05776837544426425,-1,,0.0,0.0,0.0,21.138913753981317,41.14856437210283,62.28747812608415
2023-05-07,0.375882,18.7392,-0.38723538445677186,6.367948141100513,0.02005859375,0.020070264010637138,0.020149642957591106,0.0003176380606825645,-0.24990376399916517,0,0.24990376399916517,-1,,0.0,0.0,0.0,21.75156650082229,41.857535572668766,63.60910207349106
2023-05-08,0.36529,18.2633,-0.37332392541150267,6.231894630111626,0.020001314110812393,0.02004112574572638,0.02013521915955512,0.0003174888417877198,-0.2963676244460004,0,0.2963676244460004,-1,,0.0,0.0,0.0,23.956533505422907,43.33411935537917,67.29065286080208
2023-05-09,0.363269,18.745,-0.36072096797011827,6.4529042020316085,0.019379514537209923,0.01990244244734425,0.020078573248285846,0.0003463955996118962,-0.5084672009082459,0,0.5084672009082459,-1,,0.0,0.0,0.0,,,0.0
2023-05-10,0.369282,18.814,-0.3646827407708298,6.419129400983898,0.019628042946741787,0.019807915165464256,0.020062082808935015,0.0003600273011518588,-0.705967693720959,0,0.705967693720959,-1,,0.0,0.0,0.0,,,0.0
2023-05-11,0.359778,18.1001,-0.36115229311983266,6.16782258058033,0.01987712775067541,0.0197889186190879,0.020066894331106252,0.00035669931065589216,-0.779299829616193,0,0.779299829616193,-1,,0.0,0.0,0.0,,,0.0
2023-05-12,0.37027099999999996,18.2112,-0.36220537293552907,6.288577016414592,0.020332048409769807,0.019843609551041863,0.02010375059313938,0.00034319211996209747,-0.7580041235394585,0,0.7580041235394585,-1,,0.0,0.0,0.0,,,0.0
2023-05-13,0.364622,18.0977,-0.36700012077625244,6.236206262421441,0.02014742204810556,0.019872831138500496,0.0201251152315255,0.0003311422592838138,-0.7618601551207524,0,0.7618601551207524,-1,,0.0,0.0,0.0,,,0.0
2023-05-14,0.37093000000000004,18.1091,-0.3676600030862316,6.253606840864101,0.02048307204665058,0.02009354264038863,0.020160805947440748,0.00032923121747668876,-0.20430415914882186,0,0.20430415914882186,-1,,0.0,0.0,0.0,22.782438536961088,43.8125585638136,66.59499710077469
2023-05-15,0.3668,18.2934,-0.369854288737583,6.315877623990326,0.020050947336197757,0.02017812351827982,0.020166390677354505,0.0003262086837976343,0.03596728569186235,0,0.03596728569186235,1,,0.0,0.0,0.0,23.642192476632594,43.24072752545781,66.8829200020904
2023-05-16,0.368346,18.2827,-0.3672667724128309,6.290193104949971,0.020147243022091924,0.020232146572563125,0.020136347762877448,0.00029609367639121863,0.3235422345160168,0,0.3235422345160168,1,,0.0,0.0,0.0,23.32035722463934,43.27392661449962,66.59428383913897
2023-05-17,0.375308,18.5482,-0.3757842820954298,6.382823669415544,0.020234200623241067,0.020212577015257378,0.02011405216552168,0.0002684959062687139,0.36695103141383756,0,0.36695103141383756,1,,0.0,0.0,0.0,21.87105772633596,42.45015482565823,64.3212125519942
2023-05-18,0.37129599999999996,18.3407,-0.37887027729431133,6.280259944339632,0.020244374533142137,0.020231967512264696,0.020103017549668943,0.00025762562982198687,0.5005323526422979,0,0.5005323526422979,1,,0.0,0.0,0.0,,,0.0
2023-05-19,0.368038,18.2962,-0.371472002039682,6.289250162891386,0.020115543118243134,0.020158461726583206,0.02009266086719726,0.00025244174294678873,0.26065760209798405,0,0.26065760209798405,1,,0.0,0.0,0.0,23.3844744675979,43.23203991337209,66.61651438096999
2023-05-20,0.36624399999999996,18.3205,-0.3664018879689117,6.302866368898666,0.0199909391119238,0.020146460081728414,0.020072866066035304,0.0002435247713067551,0.30220340747351454,0,0.30220340747351454,1,,0.0,0.0,0.0,23.7579365905448,43.156643851342544,66.91458044188735
2023-05-21,0.360253,17.9305,-0.35865501222090557,6.165877808006512,0.020091631577479716,0.02013533779280597,0.020070974858201533,0.0002432088328447703,0.2646406129727921,0,0.2646406129727921,1,,0.0,0.0,0.0,25.005100235235346,44.366704106137796,69.37180434137315
2023-05-22,0.367894,18.232,-0.3603452299052847,6.3162930731142835,0.02017847740236946,0.020124193148631647,0.020062660931392008,0.00023609526183536003,0.26062453249294026,0,0.26062453249294026,1,,0.0,0.0,0.0,23.41445136040969,43.431234447623005,66.8456858080327
2023-05-23,0.37041399999999997,18.3618,-0.37042865942379627,6.324723511110521,0.020173076713611956,0.02010993358472561,0.020063964495304294,0.00023665677396380585,0.19424370852088066,0,0.19424370852088066,1,,0.0,0.0,0.0,22.889855736203355,43.02850157307833,65.91835730928169
2023-05-24,0.363902,17.7776,-0.3664178321831216,6.108569039879831,0.02046969219692197,0.02018076340046138,0.020083802553694366,0.00025347954786319863,0.3825194087033145,0,0.3825194087033145,1,,0.0,0.0,0.0,24.24547744446989,44.84110978038957,69.08658722485947
2023-05-25,0.358085,17.7132,-0.3542342335813126,6.154820701929618,0.020215714834134993,0.02022571854490362,0.020089554327594027,0.000255182092644701,0.5335962876485139,0,0.5335962876485139,1,,0.0,0.0,0.0,,,0.0
2023-05-26,0.362581,18.0243,-0.35305387968230767,6.270826466258046,0.020116231975721665,0.02023063862455201,0.02009676040225225,0.00025372179103322454,0.5276575644313805,0,0.5276575644313805,1,,0.0,0.0,0.0,,,0.0
2023-05-27,0.366793,18.1613,-0.3615478869200676,6.280447165540907,0.020196406644898766,0.02023422447305787,0.02010365104699719,0.0002545008797716619,0.5130568750010949,0,0.5130568750010949,1,,0.0,0.0,0.0,,,0.0
2023-05-28,0.382775,18.5303,-0.38164623441411283,6.391316875504573,0.020656708202241733,0.020330950770783826,0.020136420751568657,0.00028140302209052657,0.6912861765663258,0,0.6912861765663258,1,,0.0,0.0,0.0,,,0.0
2023-05-29,0.37874199999999997,18.3586,-0.3943964099957369,6.288468361158485,0.020630222348109333,0.0203630568010213,0.020198956142113627,0.00024031613542768057,0.6828532699880047,0,0.6828532699880047,1,,0.0,0.0,0.0,,,0.0
2023-05-30,0.377891,18.2642,-0.38921720329820814,6.276145747274568,0.020690257443523395,0.020457965322898976,0.020252066866952707,0.00022434761142027277,0.917765313580977,0,0.917765313580977,1,,0.0,0.0,0.0,,,0.0
2023-05-31,0.374419,18.0055,-0.3847497284573063,6.198228629542682,0.020794701618949765,0.020593659251544598,0.020297945560366425,0.00023709660558546037,1.2472287000818518,-1,1.2472287000818518,1,-1.0,-267.0804633311878,-267.0804633311878,-5.553858543222904,,,0.0
2023-06-01,0.364386,17.8304,-0.37092171940435054,6.1682430636288625,0.02043622128499641,0.02064162217956413,0.020303154204127757,0.00023902166599777346,1.4160556283610102,-1,1.4160556283610102,1,,0.0,0.0,0.0,,,0.0
2023-06-02,0.378118,18.147,-0.3745442732123052,6.299062567428537,0.02083639169008652,0.020677558877133084,0.0203376026862268,0.0002637634040639284,1.2888679235573084,-1,1.2888679235573084,1,,0.0,0.0,0.0,,,0.0
2023-06-03,0.375972,18.1314,-0.38658413549798376,6.2554311230770185,0.020735960819352063,0.02069870657138163,0.02035024712486188,0.00027684137240070966,1.2586971502777355,-1,1.2586971502777355,1,,0.0,0.0,0.0,,,0.0
2023-06-04,0.377411,18.2237,-0.3858059024655708,6.289141174606126,0.020709899745935238,0.020702635031864,0.020383194745348752,0.0002785526969342082,1.1467858327384954,-1,1.1467858327384954,1,,0.0,0.0,0.0,,,0.0
2023-06-05,0.351205,17.0076,-0.36042447805217825,5.8591881911079025,0.020649885933347444,0.020673671894743534,0.020408326890911526,0.0002788188407941081,0.9516752995467405,0,0.9516752995467405,1,,0.0,0.0,0.0,,,0.0
2023-06-06,0.353022,17.5888,-0.3373728972902169,6.207095459364265,0.020070840534885837,0.020600595744721416,0.020400158886493765,0.000286476023718061,0.6996636424446916,0,0.6996636424446916,1,,0.0,0.0,0.0,,,0.0
2023-06-07,0.322251,16.913,-0.3094922140996496,5.898658029499978,0.01905345000886892,0.0202440074084779,0.020340612660280106,0.0004153465709716009,-0.23258950128376646,0,0.23258950128376646,-1,,0.0,0.0,0.0,13.933053611061402,47.523720283712585,61.45677389477399
2023-06-08,0.322753,16.998,-0.2850106036326259,6.010432742840419,0.018987704435815978,0.019894356131770687,0.020284220726158746,0.0005126733887302197,-0.7604541272439934,0,0.7604541272439934,-1,,0.0,0.0,0.0,,,0.0
2023-06-09,0.29491,16.9425,-0.2607819939634124,5.980207466816239,0.017406522059908516,0.019233680594565337,0.020154999873557983,0.0008225448636071312,-1.1200839246048606,1,1.1200839246048606,-1,-1.0,339.0865009663965,339.0865009663965,-5.902316659288771,,,0.0
2023-06-10,0.274781,15.066,-0.22503018861323704,5.324003649079816,0.018238484003716977,0.018751400208639246,0.020062342494869847,0.0009277116935937284,-1.4130923381512317,1,1.4130923381512317,-1,,0.0,0.0,0.0,,,0.0
2023-06-11,0.271891,15.0921,-0.21047764984935718,5.564029782447739,0.018015451792659735,0.018340322460194024,0.01995419121438436,0.001033508866939822,-1.5615432105279718,1,1.5615432105279718,-1,,0.0,0.0,0.0,,,0.0
2023-06-12,0.274692,15.1528,-0.2109196071358456,5.5828455944536675,0.01812813473417454,0.01815525940525515,0.01985194411541249,0.0011091047362863208,-1.5297786175167247,1,1.5297786175167247,-1,,0.0,0.0,0.0,,,0.0
2023-06-13,0.27517,15.2598,-0.21296260031437603,5.6139659841129586,0.01803234642655867,0.017964187803403687,0.019730076826894323,0.0011698952571617192,-1.5094419886570498,1,1.5094419886570498,-1,,0.0,0.0,0.0,,,0.0
2023-06-14,0.263415,14.7458,-0.20413972556065496,5.410862100400019,0.01786373068941665,0.018055629529305315,0.019612477619658408,0.0012349143482297594,-1.2606931748625505,1,1.2606931748625505,-1,,0.0,0.0,0.0,,,0.0
2023-06-15,0.262056,15.0713,-0.196440163893747,5.6007185320339605,0.017387750227253123,0.017885482774012546,0.019476053532234982,0.0013238434552963806,-1.2014794890279081,1,1.2014794890279081,-1,,0.0,0.0,0.0,,,0.0
2023-06-16,0.26327,15.2439,-0.19658794686374712,5.619265489516061,0.01727051476328236,0.01773649536813707,0.01932975893815416,0.001399551034735842,-1.1384104834146405,1,1.1384104834146405,-1,,0.0,0.0,0.0,,,0.0
2023-06-17,0.26670699999999997,15.3371,-0.1998441215635138,5.629988931833799,0.017389662974095492,0.01758880101612126,0.01916640667674685,0.0014269145523034083,-1.1056062593789695,1,1.1056062593789695,-1,,0.0,0.0,0.0,,,0.0
2023-06-18,0.26091000000000003,15.235,-0.19741910683405153,5.5800245424252335,0.017125697407285857,0.017407471212266698,0.018991180429705677,0.0014526431608337484,-1.090225913795653,1,1.090225913795653,-1,,0.0,0.0,0.0,,,0.0
2023-06-19,0.263422,15.3831,-0.19605981579571855,5.648085589273268,0.01712411672549746,0.017259548419482858,0.01881287339380438,0.001451976277486252,-1.0698005183739847,1,1.0698005183739847,-1,,0.0,0.0,0.0,,,0.0
2023-06-20,0.27047699999999997,15.7967,-0.20275668035654407,5.779415449345134,0.017122373660321457,0.017206473106096527,0.01862925699587296,0.0014200132264100547,-1.0019511532110044,1,1.0019511532110044,-1,,0.0,0.0,0.0,,,0.0
2023-06-21,0.28612000000000004,16.7834,-0.2188184121991204,6.081380378719364,0.017047797228213594,0.017161929599082772,0.01845983579303382,0.0013949936403465442,-0.9304029469472147,0,0.9304029469472147,-1,,0.0,0.0,0.0,,,0.0
2023-06-22,0.289935,16.629,-0.2316988818586753,5.895992474580491,0.017435504239581453,0.017171097852179962,0.01828979142050857,0.0012936499425344964,-0.8647575604084069,0,0.8647575604084069,-1,,0.0,0.0,0.0,,,0.0
2023-06-23,0.29661000000000004,18.9,-0.23956898052532846,6.723231551769959,0.015693650793650798,0.016884688529452952,0.018037675919223506,0.0012831300178077914,-0.8985740912993491,0,0.8985740912993491,-1,,0.0,0.0,0.0,,,0.0
2023-06-24,0.289522,19.2201,-0.2382236103908291,6.539313079591211,0.015063501230482673,0.016472565430449997,0.017755355993450878,0.0012854013155579524,-0.9979689202699017,0,0.9979689202699017,-1,,0.0,0.0,0.0,,,0.0
2023-06-25,0.29196099999999997,18.3596,-0.2355428389766748,6.21105193492587,0.015902361707226736,0.01622856303983105,0.017517979782144845,0.001154424195424884,-1.1169349598041192,1,1.1169349598041192,-1,,0.0,0.0,0.0,,,0.0
2023-06-26,0.280422,18.619,-0.22777517431579913,6.397946282897998,0.01506106665234438,0.015831216924657207,0.01726749108801777,0.0011141586777157289,-1.2891109606624807,1,1.2891109606624807,-1,,0.0,0.0,0.0,,,0.0
2023-06-27,0.286643,18.6913,-0.22544403673539812,6.391974367656708,0.015335637435598381,0.015411243563860593,0.01708160045935424,0.0011106409807511972,-1.5039575564408572,1,1.5039575564408572,-1,,0.0,0.0,0.0,,,0.0
2023-06-28,0.266862,17.476,-0.21357199779380978,5.968460650626868,0.015270199130235753,0.015326553231177584,0.016895725194075232,0.0010856454421595326,-1.4453816153608119,1,1.4453816153608119,-1,,0.0,0.0,0.0,,,0.0
2023-06-29,0.275097,18.0125,-0.20824533210993962,6.2962529666422355,0.015272560721721026,0.015368365129425254,0.016789027127165856,0.0011364754937982907,-1.2500595089758713,1,1.2500595089758713,-1,,0.0,0.0,0.0,,,0.0
2023-06-30,0.286953,20.9,-0.2223353423421457,7.22916746957123,0.013729808612440194,0.014933854510467947,0.016563593357602015,0.0012728219664389503,-1.2804138285684097,1,1.2804138285684097,-1,,0.0,0.0,0.0,,,0.0
2023-07-01,0.29242,20.8846,-0.23422890986653375,6.870501119596118,0.014001704605307261,0.014721982101060524,0.016362905998234395,0.0013461702431288817,-1.2189571902584162,1,1.2189571902584162,-1,,0.0,0.0,0.0,,,0.0
2023-07-02,0.2917,20.3683,-0.2372385361534356,6.702276824385228,0.014321273744004163,0.014519109362741678,0.016172562948725874,0.0013525596083299545,-1.222462637358929,1,1.222462637358929,-1,,0.0,0.0,0.0,,,0.0
2023-07-03,0.29638000000000003,20.0733,-0.2405624407118722,6.66006460799273,0.014764886690280124,0.014418046874750554,0.016009189961911946,0.001312848963040818,-1.211977258584255,1,1.211977258584255,-1,,0.0,0.0,0.0,,,0.0
2023-07-04,0.292354,19.4936,-0.24040038437344152,6.499186924916777,0.014997435055607994,0.014363021741527949,0.015865875180221513,0.0012549149634186053,-1.1975739253276028,1,1.1975739253276028,-1,,0.0,0.0,0.0,,,0.0
2023-07-05,0.28400000000000003,19.3798,-0.23093375877059327,6.524995792084463,0.014654433998286878,0.014547946818697286,0.0157292093687732,0.0012290208970207387,-0.9611411432786903,0,0.9611411432786903,-1,,0.0,0.0,0.0,,,0.0
